"","Treatment","SproutN","BunchN","GrapeW","WoodW","SPAD06","NDVI06","SPAD08","NDVI08","Acid","Potass","Brix","pH","Anthoc","Polyph"
"1","T1b",0.0180315962950394,-0.138352933862937,0.368625027163054,0.146623627580409,0.0507885812017374,-0.00286243290325169,-0.0633117417067519,0.0491814312307504,0.0277270957625758,0.117311595231447,-0.0103844836345861,0.0138968824239095,-0.60441082083361,-0.307519092328916
"2","T1b",0.043650694173975,-0.0549432414289009,0.216435714100239,-0.0718888566902644,-0.200345527744066,-0.0604898729261267,0.0519293862436768,0.159610516493064,0.0694302280152764,-0.204305573882177,-0.0414981228729707,-0.0170260394716524,-0.323409051124963,0.0540727209887383
"3","T1b",-0.148091077379644,0.562938928176105,0.906657764006063,0.255123495437811,0.068062305967798,0.110855552442255,0.148686133584042,-0.0280506597832953,-0.142589998396828,-0.014986657968149,-0.0290610562938015,0.036342283891665,-0.738286188355665,-0.167532708402683
"4","T1b",-0.121485243129601,-0.00483425726757572,-0.160187323175209,-0.0523769932591557,0.0975283394791279,0.0519590531232734,-0.0307615039671969,0.0263845554905686,0.0931343024607663,-0.0389548851843952,-0.0236970737747863,-0.0375424419480776,0.230019810019569,0.255593728360754
"5","T3b",0.00910742757990039,0.0332819873558259,1.26884600897519,0.856653050307365,0.15018859863471,0.12263154639261,0.161364249806589,0.0753363664924605,-0.174061272442996,0.0811115004052242,0.0408672375743305,0.0280153216738229,0.189704901052988,0.0655593753298897
"6","T2b",-0.193052952440538,-0.715574280042696,-0.326714015946815,0.518579189008012,0.160568148622375,0.0944947574951157,0.230458926236466,0.0213638576279717,-0.150323144217983,-0.0386033376869416,0.00435891587851214,0.0483045693178397,0.265499187708628,0.220927684566633
"7","T5a",0.0793703639825304,0.190859618943002,0.190274009116997,-0.400072582724083,-0.0442405233101806,-0.0416348374109647,-0.143283844097939,0.00740426323660638,-0.0070042866956612,-0.245818922423243,-0.114723258858822,-0.0517113040994411,-0.28042339648587,-0.174378935396649
"8","T7b",0.284870685500084,0.298658856640251,0.576487037673277,0.502427032257057,0.0731220293143687,0.289899284131994,0.195141954698923,0.107795212981734,0.0526469683041085,0.0298701042204738,-0.0047710793737572,0.00968014488108799,-0.41096262269017,0.127913618794945
"9","T3a",-0.174661573551813,0.281048647538556,0.789463268041574,0.611465838660778,0.0805763830389385,0.132282122327981,0.0744437843101267,0.158249101971415,-0.0414057514619369,-0.0476948208192014,-0.145701082355779,-0.0167267642990515,-0.419498672469335,-0.330424714067773
"10","T6b",-0.119803325493939,-0.122337794421542,0.0278961648478589,-0.426757356126428,-0.0960926072355725,0.00261814306800894,-0.0617271030441465,-0.0628182972256801,0.0614075702134859,0.136465247419012,0.00877880029281316,-0.00483219792831375,0.288777307201366,0.344955044993558
"11","T6a",0.243999805520651,0.902135263627903,0.546977894168202,-0.200789527891141,0.0508931497594775,0.209400408074634,-0.0390262788384918,-0.0500142802372771,-0.176669436895291,0.000369372524241198,-0.0789593391105554,0.0293511459510093,0.024180068593282,-0.11240649915555
"12","T5a",-0.420562337461071,-0.369855957237264,-0.832378080817872,-1.13051906561786,-0.17923959594105,-0.133753627516644,-0.170081637575462,0.0022337785743814,0.041520404584329,-0.0247446337488445,-0.13316589244719,-0.032398873967805,0.36547481798238,0.194403269149804
"13","T1b",0.0113302634132464,-0.223891184177447,0.485130823933003,1.19293939626968,0.172829916985787,0.0319462490497831,0.0940390729398292,0.0930223879217379,0.127255050812656,-0.0235357404814063,-0.10332765655031,-0.0320574556712151,-0.774967809411594,-0.232711746487397
"14","T7a",0.0876466986390008,0.664116586611443,0.781292509007832,0.247492620423222,-0.0622074285371008,0.171050654036301,0.0137755522000952,0.12666261778885,0.011712793188096,-0.027664604625924,-0.00356201242560473,0.0066906242122345,-0.233964331658842,0.108253723011467
"15","T3b",-0.24967400265206,-0.125657966476824,-0.328610423468335,-0.148749577934928,-0.101041395595374,0.104601498313148,0.0168630394829195,-0.138787775925354,-0.168204529514832,-0.039002288010136,-0.0397339653766843,0.00829596633807938,-0.0336781039797866,-0.327527253920044
"16","T4a",-0.15721961782184,-0.905178481686465,-1.09472108610676,0.0826569942250517,-0.0325299873685334,-0.000472071778640218,-0.0329873726755122,0.107503701143081,-0.405925510969334,0.297614649277418,0.0393295427913245,0.127865149535643,0.393238312644071,0.251613223427751
"17","T1b",0.155749153754195,0.0770608133097003,0.18341776541061,-0.201744415411473,-0.0554586181904066,0.00531937075259419,0.0240606826233292,-0.160413610393606,-0.215896014207021,0.198762712169213,-0.00252888776292318,0.0435525579774744,0.53894495337802,0.63370246484341
"18","T8a",0.0593081491603419,-0.13402567548729,0.191502887389737,-0.702407842202439,-0.0339818406607827,0.0666886015564445,-0.0511229353372312,-0.184125606590334,0.0530766303126291,0.0285683228633791,-0.115226246900317,0.00281347469301154,-0.353400363240981,-0.370500934998225
"19","T2b",0.040637208482401,-0.303979230119023,-0.525610616047965,-1.00997425509034,-0.174449794233351,0.0705461217571654,-0.155068080638275,-0.142275567010307,0.00838760079859965,0.148678971159309,0.0603960599508691,-0.0262610710164577,0.682804036986565,0.126362140742925
"20","T6b",-0.209559620004781,-0.353116402463177,-0.130924026576602,-0.316561879708296,-0.11968738072752,-0.013133376469842,-0.188669640863459,-0.0581579437182248,-0.0348823619282488,0.065790070822324,0.0802421783744774,0.0218274453627277,-0.147195473805277,-0.150301353099178
"21","T8a",0.200461941434383,-0.0950482578815724,0.00238433889735208,0.752426931851886,0.309082860789724,0.20825811132412,0.410775293446221,0.208882153668091,-0.0867944251167339,0.0148267148598807,0.0691305537890096,0.0335541486639167,-0.0276594431253582,0.151674643104213
"22","T1b",-0.262388383817185,-0.261461880904278,-0.447979046316432,0.166015615284399,0.0618097816719344,0.0419139022532232,0.0386432943949951,-0.0884093142338375,0.2188964223067,-0.0524789412070076,-0.0853286629467941,-0.0442242913064068,-0.40566165883942,-0.374551127580513
"23","T2b",-0.0999437558730959,-0.104461214159818,-0.00264383152547182,0.033374274049231,-0.0239591290885679,-0.0428036628933965,0.00927454855331986,-0.257281421552218,0.0774031236899036,0.105531632594947,-0.0129703117351652,-0.00750712907952857,0.317468323008919,0.0220596953838698
"24","T7b",0.154575994413052,-0.151190558978243,-0.25145114581552,-0.172981103580997,0.0642907983584425,0.174849079285378,0.00648318438185097,-0.161928627900264,-0.0692353072829711,0.350281711177939,-0.00818518067812042,0.017076838923707,0.330173402875593,0.0933465882012971
"25","T5b",0.0800999152740129,-0.0118039989207048,-0.322515322855016,0.139764206888983,-0.0258693439664585,-0.0540271983158336,-0.0703404237719941,0.0826772146309775,-0.0559835934294614,0.0958920770178718,0.0559750433584854,0.0180100394012309,-0.0184719788455197,-0.260932490391866
"26","T3b",-0.139273535679877,0.736466354122051,1.00018191757,0.0877669080510169,0.191554375932477,0.172113147208576,-0.0309429856291548,-0.138307331624712,0.194360155344657,-0.00129025051018914,-0.0561542124819467,-0.0634523022813088,-0.214614767978985,0.0038839624165711
"27","T2b",-0.328528875077614,-0.707860045363558,-0.510129494026804,-0.546146053970272,-0.0470934247959023,0.00648117479910035,-0.109167509583871,-0.153202443720257,-0.212632105666923,-0.0793318533049429,0.0340020758757579,0.0017646904410962,0.327600527135816,0.0134573499038862
"28","T8a",-0.0666629072378413,-0.505345476438822,-0.689113775656152,-0.424985048583116,-0.140198494054961,0.106932770441355,-0.0632723970311675,-0.233695982414362,0.0515602638132876,0.167358937457325,-0.0156173891359342,0.0207812779780743,0.268088337799363,-0.0174865483427547
"29","T6a",0.0872525186958117,0.237769880360152,0.296205690584563,-0.0419831079159394,-0.124613505670894,-0.151117960414165,-0.0296338747050174,-0.24227246832902,0.123778728733522,0.210970072341533,0.00493221068231543,-0.00928197449154011,0.234731943644324,0.122109438837285
"30","T7a",0.239943841068741,0.325603107920195,0.178256193997893,-0.357111792410941,0.00354435179779941,-0.0377053964145056,0.0820310326301649,0.0619723287065106,0.0177810675471083,-0.0341418915987137,0.0342485535690035,-0.00854490102456334,0.0307944632172467,0.147701576036858
"31","T4a",-0.065818581404438,0.0565819581561193,0.181386625158398,0.0717831748433375,-0.0942052529319121,0.170222971012375,0.0221535121742849,0.156811464709954,0.0245954799917482,-0.365101867452442,-0.00375432275853034,-0.033009707551669,-0.275570704519943,-0.287697522502674
"32","T1b",0.0558869527611386,-0.313906144115551,-0.0675482903816384,0.0385180892573524,0.0151369759727272,-0.0861710230027785,-0.0246018313806141,-0.0566323439512029,-0.118838813557963,-0.23543649089797,-0.04382913644006,-0.0131593023960333,-0.564303087304661,-0.591822768748905
"33","T1b",-0.116342665745836,0.0753783916553834,0.316979668424891,0.0757684013257747,0.0907362139780131,0.044218463742793,0.158954856789208,0.00687685132669604,0.0660761964264691,0.040395072623144,-0.00653949870866323,-0.0145993840039996,0.0381264107138482,0.00188468978231394
"34","T1b",-0.166867251029648,0.317123557083828,-0.150302879319499,-0.242332786158485,-0.156189135049379,-0.159075107939897,-0.112813261123195,0.0549215637894183,0.205808490465528,-0.313731611453642,0.00828887652134552,-0.0588055229655411,-0.346173029403196,-0.0677431613283159
"35","T5a",0.0589187287584076,-0.0681704124600011,-0.0889832139056197,-0.116645433607394,0.00159195167265029,0.0876000002991544,0.0996460037066161,0.00989514438715489,-0.104448129623275,0.160417766071282,0.142693690763967,0.0359603933866498,0.337152190034137,0.221227727708804
"36","T2a",-0.143608452319076,-1.17740173584929,-0.667732708911351,-0.320572742849799,-0.0267410096534888,-0.0244651401186297,-0.0630313236621275,0.107769499845005,-0.199291849691927,0.173315336458795,-0.120830750370765,0.0206942269999953,0.347857119806311,-0.309050312811523
"37","T2b",-0.303707879608181,-0.52667300678105,0.249081905430456,0.0462254911960124,0.00167372461376061,-0.0922189588867847,0.0428121318117593,-0.0721857888884037,-0.0509732021881173,0.120737297586187,-0.0209948202595982,0.0290088548028045,-0.131612554213724,-0.0627447047362188
"38","T6b",0.0370869293689977,-0.113141408698511,-0.0839040682826336,-0.33919438965924,-0.0701346869484905,-0.0196566664854964,-0.059995796322639,-0.324101811164405,0.240829345636119,0.080646243808428,-0.222340990999792,-0.100499431694919,-0.266480097710441,-0.524707564853138
"39","T1b",-0.298117001294899,-0.580993527051435,-1.04353542123634,-0.449784711454208,0.139694180599423,-0.0226458764997088,0.0738778124290668,0.0033928985340913,-0.207491700007358,0.202337812947151,0.0592095935898395,0.0470943151277619,0.358030025009871,0.0343118865667624
"40","T5a",0.00428185947677417,0.76561016241001,0.815118816555626,-0.0170573451422704,-0.0268522039701845,-0.0148874886976232,0.00954912897361493,-0.102454121250228,0.204183668093192,-0.0786985339759035,-0.12125652426205,-0.117343120327127,0.325624032822635,-0.131646422322734
"41","T6a",0.154265792486931,0.286588332436107,-0.288472139586334,0.0995952614638663,0.00192670978652422,-0.00349148611390132,0.0870530886287593,0.144856942723883,-0.163746362845443,-0.0340160848059559,-0.01038204136786,0.0567710277520684,-0.551930018803956,-0.115752288991542
"42","T4a",-0.603767629769924,-0.628771349686602,-1.4017879465985,-1.29333637501083,-0.368558816511891,-0.208253033215628,-0.257258428921266,-0.257819316573037,0.105852056821093,0.00906633163080256,0.186062502735905,-0.0646850053401723,1.18208019398079,0.681153778243972
"43","T7a",0.393272753491312,0.825957580954765,0.935793227141642,0.331853155367112,-0.107581033787487,0.152177150074428,-0.025066554404956,0.218561223339426,0.224602856379923,-0.0961632007375828,-0.138960541045425,-0.0447625040750332,-0.313357097045173,-0.190733642191114
"44","T4a",-0.300546376606838,-0.755531674968631,-0.471536129511134,-0.999799760867056,-0.171585383738485,-0.201333619734794,-0.0155533467006344,-0.0971010571675208,0.146616502012937,0.106490340922193,-0.0231876653748445,-0.0549450745035384,0.546556264955064,0.214178898881006
"45","T5a",-0.0985046552910654,-0.303390093751401,0.00767998376980962,0.105600616683456,-0.0296433881902969,-0.0789101461902922,0.148512694670672,0.068137967727173,-0.166320764836299,0.281318353770966,-0.135329566908008,0.019979370351668,-0.516127743893846,-0.410245081768219
"46","T8a",0.269811487809633,0.0830652228585715,0.527664574034962,0.636127073000516,0.173103796288582,0.00414324977180362,0.194260499461008,0.197002352682938,-0.0920821602439137,-0.247064021545338,-0.0935576192815206,0.0113996501459181,-0.494936851293796,-0.20159068104387
"47","T3b",-0.158347099890758,0.109588624975646,1.09231149185577,0.221292531328236,-0.023574521790005,-0.013150155366603,0.0605121811365723,0.151017876411881,0.00494799977336432,-0.102263898038068,-0.0845467397091576,-0.0150116845848575,-0.224678523026251,-0.171321907481089
"48","T4b",-0.0209867489647625,0.252516890717309,0.183617704153144,0.458038685404852,0.0108105509218245,0.128332756737897,0.0653601695141778,0.0400466439194976,-0.0290344938033215,-0.0378884942739522,-0.0131177850844496,0.0245634367771583,-0.0156837831572397,-0.106203566844413
"49","T3b",-0.0954921604585142,-0.531848633098096,-0.869288719715132,0.253348427349307,0.115817572891849,-0.0897270650917161,0.0746090276252902,0.0213396576495174,0.0104376235110256,0.013923426077374,0.11121657365528,0.0202775241653083,-0.273262942979465,-0.415281425945001
"50","T8b",0.147701329961245,-0.741009477517582,-0.84194335696515,-0.0576970757591573,0.0354695086058194,-0.0797333710185827,-0.0402488630554869,-0.0421297775683841,0.0790538656638218,0.0905289354373007,-0.00323256108678058,-0.00422061442276338,0.541014349740515,0.3818334570824
"51","T7a",-0.029025122181171,-0.184060862266073,0.269389114780329,-0.213781592842765,-0.119996429287722,0.0186914077909717,0.040504200219033,0.0182297292611343,0.153952375042775,0.204657615606507,-0.0592205806489859,-0.0232749742512207,0.0413342305423774,-0.0183045128512122
"52","T2b",-0.215574167958892,-0.249370622597602,-0.253469325246588,-0.7490661182236,-0.0169678240670184,-0.0452729998111568,-0.0783364229327897,-0.0905103776863007,0.209564745500065,0.0222310519042166,-0.0126753065755465,-0.0426042356935788,0.241066942591444,0.155538832313578
"53","T8a",0.110631858267551,-0.209475903600672,-0.0118747915606245,0.268233523705925,0.00704421207979386,-0.0640960293242929,-0.057938214562787,0.0237099801303915,-0.131805398365609,-0.0428116732912156,0.0482304391650552,0.0618311944932971,0.201147919374496,0.112092217927181
"54","T1b",0.00836401601421391,-0.056530728979841,-0.346561634316825,-0.310863433134975,-0.0422003290258448,-0.0183813345245648,-0.00686177383001998,0.159580231324792,0.204626640391101,0.234784839974403,-0.0612870963755787,-0.0202571483122548,-0.35139301895969,-0.208669621340997
"55","T3b",-0.0353274963013469,-0.328891129868032,-0.0796641905444424,-0.0876191027558106,-0.0571487506782959,-0.0363989182713974,0.169099908993474,0.000473067838511088,0.0433629104051497,0.00343083015410315,0.132977215048966,0.0356857332723137,0.229240144828249,0.314746585726966
"56","T8b",-0.0402721326683561,-0.393933382338057,-0.338430403004514,0.300258709641892,0.153907683009865,0.0199895398088392,0.132122888750465,0.100936637208122,0.020793485204154,-0.0916300323842407,0.151246065552515,0.0360105197270255,-0.202313841545722,0.112241826778772
"57","T3b",-0.224611487103442,0.148453676605739,-0.536295291246557,-0.342073044145704,-0.164433042248943,-0.122495007838755,-0.223582763997905,-0.0929218336682009,0.147584466831943,-0.109745491930491,-0.0146218495798058,-0.0459563090544794,0.608697760704305,0.147557560952405
"58","T4a",-0.0692834416006979,-0.308055790913947,-0.593652333586025,-0.354172040529582,-0.0953334404230796,-0.184169436328264,-0.200008382870888,0.144550128139053,0.0929132823605448,-0.0255485957719106,0.0751863669329947,0.00725667572110477,-0.49722526904765,0.103019707642904
"59","T5b",0.453288091624915,0.95913252473459,0.41048166487412,-0.00929689304125039,0.0966473167364139,0.0527759662859419,0.074043732798979,0.191648087843694,-0.109556472141609,0.0930786278972378,0.0555547809668112,0.0524807560145683,0.12077558355107,0.111283644203154
"60","T6b",0.0619469076843553,-0.50940456476552,-0.110400072446616,0.190592176245069,0.0756376110054814,0.0565760454671788,0.11751093850729,0.112769486839672,-0.180364420114853,0.0581414547282104,0.0289849152451215,0.0364002590815707,-0.0117762094394001,-0.327859585567052
"61","T6b",0.261519749250176,-0.249230304205507,-0.746848284568894,-0.0185095952134674,0.0535563977242607,0.00777539649589575,-0.086262493794041,-0.0250348766773799,-0.165016942555155,-0.00488041246096427,0.140683190790665,0.0840520878313684,0.297477650183213,0.428851928541871
"62","T5a",0.0157743693212732,-0.0836398000861348,-0.321017884628309,0.0908639775989617,-0.0313995481982568,-0.135259808448342,0.0855943287817291,-0.0117911598689018,0.0578676504018549,-0.0423327655808654,-0.155488913199168,-0.0487807095330427,-0.241730894678371,-0.0604706149260156
"63","T3b",0.0167103402094117,0.305093636838453,0.22941715938537,0.375625615271581,0.11079443401425,0.303381878826316,0.207965206189047,0.101793592982098,-0.103312099933467,0.0172236682492306,0.112331423981988,0.0141016100571344,-0.152020120879507,-0.301189536590043
"64","T6a",-0.0892921074905195,-0.224289140074492,-0.301906862104046,-0.0289521537183002,-0.0275844655859106,0.0203103501958458,0.0876094106159602,-0.0296897622338547,0.0608779757240183,-0.117430950087141,-0.00792569850010845,-0.0207444438387678,0.052162016998763,0.0826061562838114
"65","T4a",-0.526061266061152,-0.449492182507191,-0.731165121631919,-0.706138600887513,-0.23974106812769,-0.199294280954422,-0.293146212534215,-0.275254468647014,0.143125349475632,0.209793209558791,-0.0156053951820837,-0.0697978541861836,0.832773085529496,0.376420100787161
"66","T5a",-0.322231225403778,-0.428768379296151,-1.49047156351969,-0.884463684170618,-0.217331319341861,-0.169680006750787,-0.138892771274065,-0.241799089488689,0.226524036985391,-0.308924593271921,0.0459080761081705,-0.0782549473264083,0.422537654216644,0.247308930046764
"67","T1b",-0.235586501892043,0.0754818180411361,-0.0383649441357663,-0.606461105165068,-0.217550939662092,-0.0595624038988962,-0.178422903524886,-0.122891032936467,0.140883595753516,-0.212908349197117,0.0818307515600051,-0.0443915533835682,0.663181395149574,0.483698827340373
"68","T8a",0.074923237127046,0.142634721669982,0.0147979722061273,-0.0346967532287294,0.0111605735537115,0.293575946974994,0.0779552209275663,-0.0910844237170466,0.0310789634401982,-0.0109535423775548,0.0224208223713212,-0.0257816695879988,0.785349568630494,0.28220607776908
"69","T1a",-0.0129477084680902,0.147549588564435,0.847020588162897,0.615053898089709,0.129933929064708,0.0722126746592583,0.0734707451627402,0.346919274855975,-0.297510828595987,0.344454110320086,-0.0868474072016514,0.0857093995782775,-0.128098770174769,0.0160614456707658
"70","T7b",0.0880341224506464,0.265813319662751,0.0827010082033607,-0.130720851996862,-0.0991582372600681,-0.16635970635048,-0.140025219391194,-0.19380620381481,0.041338410887593,-0.127366360535803,-0.000635506137207288,-0.0270651732339308,0.199405330839036,0.211688161621981
"71","T7a",0.253274748860844,0.0506470266629624,0.475526694165114,0.29151618372644,0.0427148831539337,0.0536112263292293,0.0818220029583073,0.0223520289555006,0.114744874312457,-0.00916943146293539,-0.139575938832023,-0.0889862511986562,-0.425855906505268,-0.407579374390767
"72","T5a",0.37316315352142,0.509684767454478,1.62637546742344,1.29876078071224,0.259371473002404,0.205459557245953,0.284501239654579,0.143563842518662,0.0701427514721595,0.113177420599103,-0.218716830802109,0.0114017808535554,-0.732238614299221,-0.269215507652351
"73","T7b",-0.00658797896477875,0.236338740675532,-0.266947442476803,-0.507961327600574,-0.06356987923223,-0.0606954578804899,-0.137114509237386,-0.00195188548803438,0.142635504250357,0.143513688057862,0.0978687986723363,-0.0240352850756074,0.526132870910123,0.0700135612134363
"74","T2a",-0.142667129862407,0.196934288392562,0.210585884112726,-0.382989505153187,-0.0238480342711874,0.0778858863045762,0.0335404057904897,-0.0778054682795986,0.154766541937395,-0.0634939684742788,-0.0926490221664177,-0.0539226330704294,0.136380868049774,0.0647965637349924
"75","T8b",0.10922862244597,-0.484880013210975,-1.25631462619675,-0.443180428100408,-0.0461792578464908,-0.0263935558237951,-0.0882055247584837,-0.0219004887861595,-0.056217619997332,-0.108643415737795,0.0830532407938735,-0.00496635576523995,-0.0220975753123324,0.1286843973337
"76","T7a",-0.0455013332913239,0.12791091581045,-0.542910529057915,-0.427398604408941,-0.190555975529229,-0.160259341576126,-0.139917095689978,-0.131437990307769,0.248866171785496,-0.299133699759883,-0.0554183465072869,-0.0764943738318787,-0.541372147550981,-0.35023338398598
"77","T2a",-0.0232575628074953,-0.522962470517213,-0.116544415532338,0.167663803065057,0.0742290667885244,0.132125136277361,0.182755170644671,0.231821055723923,0.0868532731950426,0.185748022931636,-0.114705263107552,-0.0112087949759603,0.158236568789952,0.192738561573793
"78","T7b",-0.117321678216777,0.394617203476834,0.834562526501866,-0.361613816600456,-0.155785530629832,0.203256609321539,-0.00926803103084453,0.0734868816785758,0.0643958942566605,0.0550164685745288,0.0237168881628703,0.00970200198433992,-0.767858956419666,-0.278849437906258
"79","T1b",-0.0829129521846079,-0.147448695650244,0.0317676691730874,0.0816024113205769,-0.0227696616356365,-0.0325209614418013,0.039878282477836,0.0864263140080042,-0.144015649070184,-0.216328134373526,0.0773491051724297,0.0270573635613494,0.41947958987392,0.349340221573147
"80","T2b",-0.18548241760745,0.102487584163349,0.290542082727986,-0.223465735377912,-0.0689449317565904,-0.0576901628264434,0.00800747808697676,0.0145847366225947,-0.0809171828167676,-0.0794328092928435,-0.00289715708098475,0.00492427901274734,-0.215452882952297,-0.285596449954632
"81","T8b",-0.221514384616512,-0.506915410997559,-0.0165407654470276,0.129091172699459,-0.129360585556657,0.184411647934017,0.0857122034696679,0.0207322046061,-0.417056393442926,0.0247829195616228,0.116634013503696,0.0846383232657057,0.0895824781907152,-0.135432919767303
"82","T4a",-0.32495351521378,-0.645022152850738,-0.447137157964419,-0.684257104689406,-0.165894849376591,-0.118204847792762,-0.22230670909432,-0.219556092838105,-0.0190446168908215,-0.0688034977836707,0.0992267934073608,-0.00235841704818574,1.3878898257664,0.687715377619983
"83","T8a",0.0109164563246472,0.0208818517242526,-0.526010247965532,0.0752541292591774,0.150918987343087,-0.135057678530746,0.00926897786036569,-0.0945940435993909,0.191293187773188,-0.0614121869895793,-0.00542396440660309,-0.0192212085495513,-0.0529561045290092,0.167394105795479
"84","T8b",0.299729653253512,0.391862283567897,0.627945313557343,0.45359892907527,0.209630643923484,0.173530404462077,0.140552494578365,0.0389297999986151,-0.362175202367975,0.0112520715567154,0.00890052612621565,0.085280762544296,0.158465181887026,-0.134170521508505
"85","T8a",0.030701635022248,-0.204167469707331,-0.112934997314614,0.306571592091485,-0.0536463762108964,0.160741689870957,0.0237501263237618,0.121593804549037,0.0593363650138944,0.285855423993848,0.0840358850109387,0.0358730797039491,0.421626606288529,0.530387559260667
"86","T4a",-0.142222894700104,-0.223195730681351,0.264315048239313,0.0147723099567418,-0.0770059666006491,0.0253645787389081,-0.143200944627107,0.0719641957253936,-0.0108563527505709,-0.0211228347731216,-0.0482173070563177,-0.033341920160935,0.0134609305841921,0.141171399326694
"87","T4b",-0.0848735306974876,0.123859971118758,-0.142656635292851,-0.263906217363966,0.0590427651794357,0.0203106175586271,0.0413109679893982,-0.0814702701268964,-0.0518778095501547,-0.276776754729686,0.0636738141131321,-0.011051263936327,0.0772410772916994,-0.087568340661963
"88","T3b",0.00642114942750589,-0.0156061225194673,0.373409099187476,0.0474903308382806,-0.0193148283389487,0.141633435696086,0.0362719087700441,0.11579433262018,-0.29335497662836,-0.195827522083563,0.124471234599527,0.0429068857068804,-0.0176570432308327,0.0548404901769051
"89","T1a",-0.242609654193187,0.0502328138323733,-0.0152572604731728,-0.841158562179653,-0.0967054308113268,-0.0796709911824642,-0.365304234376525,-0.168234920891205,0.141890743518871,-0.0755425745392861,-0.0681897918684079,-0.0393911698678655,0.399870566781941,0.381917039592371
"90","T7b",-0.01891718341473,-0.580894998194755,-0.309020725572628,-0.280981854750102,-0.087293515376206,0.0410104697619197,-0.0751858697147158,-0.108700821012645,0.0756805823684381,-0.0830294655786114,0.138553114919105,-0.0259157198802581,0.230857984414042,-0.0341869630672479
"91","T4a",-0.0868071431665279,-0.64334824436334,0.302145087888185,-0.136398054896515,-0.0533880491559459,0.121409900560582,-0.0118104795355322,0.0901138905722792,-0.336634318704041,0.0481698669467181,-0.0421651039725398,0.034272929609892,0.167536053930032,-0.0705368957722599
"92","T7b",-0.146553716044833,-0.42079246701075,-0.0284060196317221,-0.586023030476772,-0.0371084329252291,0.215376516163647,0.0786720882430128,-0.0799994668291111,-0.233296036232434,0.0859940892412128,0.105355016394104,0.0593184762314677,0.535441943535358,0.322413782705639
"93","T1b",-0.234384807754491,0.385610790386365,-0.1521212237144,-0.13043328368741,-0.148491458749611,-0.0954735381629495,-0.0662397120095393,-0.0791665078942478,0.268710039861393,-0.361430231094034,0.0928079936516872,-0.0517513053777256,0.00336962488257544,0.126629655905793
"94","T6a",0.137289219958462,-0.253752486851122,0.766586872678169,0.658525089324689,0.149560550989755,0.184036372833848,-0.00235146036594859,-0.00990848885529143,0.182924854983439,-0.0890629263968962,-0.0674991138181644,-0.0705581254075365,0.0335386500785387,-0.320867328493567
"95","T2b",0.00675467647236988,-0.345167552053787,0.610259773503312,0.0340717750953793,0.154445636243313,0.16430641466795,0.0875303466515371,-0.179121121892847,-0.335633582177133,0.0708187124689635,0.120398961714642,0.0603067887812219,0.215969117425653,0.0195718614238255
"96","T8a",0.245222227454163,0.0152842914434022,0.71441727634153,0.550238638581137,0.352449809712566,0.158919968270577,0.256555310499294,0.158068193125995,-0.241341148539601,-0.0131296280300758,0.0232059856147748,0.075056414952359,-0.620511972933545,-0.467216141262763
"97","T5b",0.278907027205563,1.03814930135572,1.37904465355392,0.308785716145673,-0.0396841398480434,-0.0810819301862264,0.0982588269183976,-0.0974442277185537,0.185309432961404,-0.29258728122117,-0.098109837587663,-0.0399165385099789,-0.407931830666329,-0.187483116288108
"98","T7b",0.331853006623378,0.46587019296766,-0.0774484145808683,-0.0288783089816427,0.0650927466922195,0.0655653440881145,0.0607793843068418,-0.12897368580401,-0.128701470567282,0.0338478504756768,0.0628578082213001,0.0364712820106003,0.411402716366504,0.486015799299211
"99","T5b",0.311516241052352,0.806804598787876,1.49155346082422,0.589535257791821,0.111483943355236,0.0195007886930597,0.0984045081295754,0.0947996207294166,0.169339975732332,-0.0101993699435587,-0.135729428546399,-0.0444353836827057,-0.78014520008534,-0.480866964451705
"100","T7a",0.15673258745059,0.575911495040251,0.506524953201337,0.209372784217791,0.210427867711137,0.0107673786994155,0.0787771599913583,0.110474926895249,-0.0770268194923902,-0.0352641500746656,-0.0936560732837085,0.0271486850139115,-1.00236122621249,-0.481831146340081
"101","T4a",-0.125301619898695,-0.433496348976474,-0.718240279620534,0.0153828464813257,-0.069476168268321,-0.159216476207157,-0.11244525536824,0.112660605321036,0.0116603792457573,0.174387149465185,-0.0917159827500498,0.0277497283856339,0.035034942723523,0.228873459212487
"102","T4b",-0.319714120101458,-1.06008130159259,-1.55916857878786,-0.57421787365763,-0.0815242057043926,-0.0592888818982053,-0.0259656125969911,-0.0945459346381283,-0.108456203191387,0.0535393124796158,0.00328975642686205,-0.0067436665775089,0.372204390215856,-0.142142678682416
"103","T8a",0.278415950027345,0.293756312333037,0.72931394630315,0.863591814878397,0.0383289394831181,-0.109617108108983,0.0998354624186978,-0.0468836485207745,0.0397070579108452,-0.248259217650103,-0.078687810391057,-0.0374115472091026,-0.442808518448181,-0.277025904030501
"104","T2a",-0.219945704782104,0.34748469728038,-0.0213226213198095,-0.882672329731267,-0.189191932657348,-0.13060618193362,-0.181026141266141,-0.242835633350047,0.152624052120683,-0.0966330624729494,-0.070231948428115,-0.0358516879324427,-0.00122398995968254,-0.0549010467209176
"105","T2b",-0.0770484864728398,-0.218969675454635,-0.0014945158093243,0.151100937096917,-0.085541271756942,0.0282736794784719,-0.0149710927658302,-0.117190935122309,-0.249212371789529,0.0675600617455471,0.0603551260962647,0.0409024419039861,-0.0850175802258704,-0.0136606052108843
"106","T4b",-0.041942114493522,-0.555414912226397,0.256389451064108,0.209288213360007,0.130234997793092,0.0581846337398025,0.135205758962275,0.0840336435200541,-0.208450291342711,0.00228339061897777,0.0378089541228926,0.0424079729427447,-0.277933053965534,-0.101206564417566
"107","T7a",-0.199048796765863,0.358336741234499,-0.373260148645268,-0.364720434862674,-0.20142081895908,0.0637528617816011,-0.158653330935775,-0.0847346546702026,0.398536142249731,-0.140036755030421,0.0408460218553807,-0.090922884161549,0.110646284084382,-0.0181986852456826
"108","T8a",0.226898622455969,0.0831342658979919,-0.232706715530103,0.163814887576191,-0.0109197604411707,0.0763756577497111,-0.0518856702576073,0.00208026371117199,0.0372212190150121,-0.0799349472525796,0.0385114894791398,0.0178532977287085,-0.456090536347213,-0.0615746676845034
"109","T2b",-0.186347999878384,-0.645857867135694,-0.786352898931942,-0.528346813484077,-0.0558818491803387,-0.0185692678036485,-0.128089213740249,-0.201094408769219,0.0991485453338476,0.229089640173147,-0.0148018365056566,0.00952488025849891,0.284119563664009,0.102783818173532
"110","T7b",0.296480429330671,0.770462193569571,0.924469700901423,0.419589429702019,0.13646872496704,0.0568670387166728,0.00207179951178,0.103795558876357,-0.134859344464385,-0.185067684281552,0.0354637330943376,0.01340640063509,0.18859425789404,0.194539023972038
"111","T6b",0.165194204318504,-0.333599858611096,0.409470756410697,0.198018017188364,-0.00164658651605602,0.0816502302631902,0.153999558997548,0.0320375902329745,-0.186174728906891,-0.1502655372783,0.047522024059003,0.0369265571616487,0.130898629961588,-0.108134792010288
"112","T1a",-0.0433105281832492,0.404315238378529,0.503223132498084,0.111743714032951,0.121846801321117,-0.167426511113547,0.0751320201733195,-0.18161994363486,0.113846381501133,-0.120898296331183,-0.00439683180099419,-0.0184706652675139,0.504890331858459,0.350383381866308
"113","T5a",0.120802809738997,0.327417381616636,-0.0320348089265212,0.36372399732801,0.0417479873579827,-0.177181575867017,0.108874038910255,0.0772105959442512,0.0932527079207516,-0.0636739337315134,0.0735245574197621,0.0131074974514063,0.354001467020758,0.521373930175321
"114","T4b",-0.132958655356289,-0.215548597000274,0.300464130913049,-0.0858169182602623,-0.00786392758778182,0.0464230358353248,-0.0138601269640407,0.126475923963318,-0.176842207944799,0.0612362517350104,0.0295467954375278,0.0482769904536153,-0.148643849074233,-0.117629120797954
"115","T1b",-0.277528995466833,0.628590214429337,0.454357773706534,-0.126934189999116,-0.0295986602345191,-0.049331620627939,0.145372800443424,0.0532163334027911,0.139014297946854,-0.102746367933117,-0.00383614627208385,-0.0239442069334236,0.191755414712593,0.501620393073035
"116","T4a",0.129041167054027,0.142337147508004,0.731457953389687,0.470350153108099,0.107016866205403,0.0881270519654599,-0.0204671194959788,-0.158116457799653,-0.214274291771587,0.0284389669368804,-0.0591423872344757,0.0266939020135519,-0.419757864795213,-0.370577330310033
"117","T4a",-0.18400749238948,-1.16037605551476,-1.23955053621115,-0.138420180204386,-0.176476128412867,-0.169621939055499,-0.0547929767624352,-0.0514197081486822,0.0935744475003888,-0.103610276082169,-0.0668395318839451,-0.0548932308696834,0.429973021633389,0.698133636034269
"118","T1a",-0.220884768840789,-0.15998813909191,-0.185243843581224,0.173662326849614,0.0734652686466897,-0.0967917327547757,0.195718714638438,0.146339453701287,-0.0515455696689123,0.0195176079330766,-0.0558442525842503,-0.00716307381494479,0.0958398497895227,0.100649302645988
"119","T6a",0.117475690982527,0.364569967432422,-0.0416031485378546,-0.669775294765456,-0.100679386011915,-0.0911009663472847,-0.106846621586408,-0.228243170105278,0.103580374951087,-0.340523052311457,-0.012459452766496,-0.0545959430463826,0.379476535507365,-0.0285979470959539
"120","T4a",-0.271460120452146,-0.234938234415041,-0.903488148551509,-0.790682269756671,-0.238933844064369,-0.152729700676824,-0.221219984113132,-0.103863141838063,0.0501149506421718,-0.0380584780783564,0.109053514109038,0.00845001065780471,0.138727793084353,0.332647940890149
"121","T6b",-0.0775146184381088,-0.262927588025072,-0.3945381384166,-0.582477853581634,-0.0379225492611546,-0.0276355025931367,-0.114555156183066,-0.131384490064803,-0.0744602043276143,0.131560639046207,0.118601837361799,0.0196625359175269,0.522195101500406,0.23511616290538
"122","T7a",-0.192402741924229,-0.150982346656132,-0.396777909284424,-0.910759924664044,-0.267056130519603,-0.237182862361398,-0.151845736523336,-0.132201817820036,0.0112936106341979,0.181167715744224,-0.0591898314697086,0.0210657383364602,-0.0743769126599552,-0.126929243273425
"123","T7a",0.0010366404252303,-0.284440695470644,-0.46172439995945,-0.745724090479804,-0.0548574605758845,-0.093669263757153,-0.110990837335303,-0.16582676856354,0.0608553939303074,0.081993737510619,0.0106064524691891,-0.00119260832940933,-0.197222719956271,-0.0647238601822606
"124","T8b",-0.0427401281868669,-0.53781768594462,0.0308547289302424,0.381500244103816,0.180105579383867,0.0920595909688731,0.160789727284732,0.137938491621615,-0.170548385370191,-0.0255565947686329,0.000194108429510204,0.0378970349436288,-0.588470296735582,-0.238987845809786
"125","T7b",-0.037225655544883,-0.100345623565839,-0.628307274225505,-0.72020471656459,-0.21518251367836,-0.0777641049527323,-0.175661298573709,-0.0525180269431133,0.276301362645738,0.0406017031087013,-0.028967934828623,-0.0368291044931832,-0.126066217347772,0.136997713134929
"126","T1a",-0.143456355177723,-0.272710539515088,-0.186633638202406,0.0137361642612469,0.0358593371964087,-0.0291428565635382,-0.0220365944640669,0.00956707937824222,-0.113474717456875,-0.345622093488233,0.0650220448246759,0.0404035755690086,0.643523746774253,0.395308390143761
"127","T1a",-0.118280395892899,0.0248626193197796,-0.487166438528208,-0.0812895381861994,0.0216072570565644,0.0203045776324246,-0.0175702758236094,0.0847077778062047,0.431435763732682,-0.148833037723026,-0.0854013329175326,-0.119252278579528,0.409838871494915,0.191395350833232
"128","T7a",0.311622669129899,0.474601835440891,0.529575945622505,0.579369617191664,0.103203820754101,0.133159129609629,0.000303080999521456,-0.110321659776901,-0.0842155442211493,0.142762932451108,-0.0703172950417324,0.0366120913221777,0.140790052240477,-0.198569238103638
"129","T3b",-0.181568279374151,0.0339367295082006,0.302325005660388,-0.213487219581812,-0.0176741535975354,0.00642102207564728,0.0331095412983497,-0.133721629482894,0.0771174030584716,-0.124340988752306,0.0380738483390611,-0.0126628963215494,0.114802379668024,0.150253999852697
"130","T4a",-0.0800115580697924,0.540125448595573,0.697783966195512,0.231211853212448,-0.00506812998485705,0.0117927671462348,-0.0411522424515801,0.253161930259532,0.186924841448416,0.106526556796242,-0.0978034326473058,-0.0475714839966554,-0.219439829973201,-0.0357153190140953
"131","T7a",-0.000302564645174253,-0.043202710695466,-0.654688736696695,-0.528806247803749,-0.140235454838327,-0.049142095060233,-0.229345852193468,-0.232625045261424,0.207729894233998,-0.058855846860846,0.155528119868949,-0.0265965890618696,0.420652483249869,-0.0628869977075253
"132","T3b",-0.214730920063853,0.348368597787096,0.0352310310503604,0.0174451790326509,-0.17700351779648,-0.0131582076253774,-0.205420102346643,-0.0688562267095751,0.177215133883497,-0.168771511842144,0.0355027587772311,-0.0459885162718763,0.133832479353618,0.118392931459889
"133","T4a",-0.0532608509755582,-0.171732003511206,-0.248510029960426,0.240857546156278,0.122194313641679,-0.0223183331684598,-0.0216460434796718,-0.0879592721103448,-0.18995287897015,0.0968546107434963,0.141767966421745,0.0681137646983128,0.484316627519057,0.368600641645956
"134","T7b",0.200258671438954,0.405727685704212,0.652434001655499,1.05956213110614,0.1637421489157,0.11875414423737,0.114348935384005,0.180031336898236,-0.0876414147778926,-0.0152102534711009,0.00578475075960856,0.0239656159626005,-0.420769210151869,-0.243970582512246
"135","T6a",0.0548142864500537,0.368589069783316,0.904927785260182,0.737272841470211,0.101785038463402,0.0914257448413093,0.219415216477817,0.224383783019239,-0.100160394868394,0.267066927975168,-0.0369458951541558,0.0788602646325219,-0.654351446896601,-0.598459250550131
"136","T1a",-0.230351254052352,-0.423645218789275,-1.17374861528313,-0.327868194903037,0.0686889751942461,-0.0833528407529795,-0.0721115110734403,-0.15438593323273,-0.0683191508658482,0.146090477838229,0.0677310105471408,0.0339988429350291,0.369893632976726,0.0440967314776067
"137","T7a",0.16741477722342,-0.0837770890489365,-0.417195808868278,-0.678183205525216,-0.187020800480346,-0.0689593624983872,-0.323001165980276,-0.036713743577797,-0.180536783976811,-0.0760011311368907,0.134017908876221,0.0600807282379148,0.370025901133816,0.307329104397665
"138","T1b",-0.066627205860263,0.438385421068089,0.463677255168191,0.479051458844457,0.0769692552567496,-0.00773507527463702,0.0895427789326348,0.128867934399598,-0.0966200616430178,-0.302645606535259,0.0326794690882908,0.0432146568809735,0.241728482158141,-0.0386235468850161
"139","T4b",0.0959917967197721,-0.169767028300652,-0.278377653133881,0.416467131506144,0.133965418584353,0.0269851422325105,0.271207393220793,0.122485933467188,-0.225314342975065,0.0696055336491428,0.0474878330233216,0.0679068337466125,0.0579864157403829,-0.0356517182459438
"140","T1a",-0.174610437075086,0.147495288301405,0.00914784432834623,-0.57217372961227,-0.0955817981049703,-0.123571363182613,-0.240037181590353,-0.0540362427421082,-0.0275313529261093,-0.111284531233422,-0.041436823857645,-0.00501722854136117,-0.619797850155815,-0.357196810440047
"141","T6b",0.27112062894607,0.587838599731708,0.389175119569417,0.475558901391297,0.136783633285104,0.0681211297051083,0.0167318854393428,0.148236302415043,-0.211259656698128,0.0759895815406616,0.0816343633092605,0.074847591891449,-0.0514812951474293,0.0676555690831898
"142","T5b",0.00315141199846691,0.576594571839191,-0.13763059547657,-1.12994247563918,-0.0971130183364369,-0.0027818789209146,-0.182092305008689,-0.294008992644269,0.207463118406896,-0.288243017247558,0.0503469217741624,-0.0554942751093795,0.29052948901562,-0.0129812726319544
"143","T1a",-0.239777329172568,-0.132492917614698,-0.146167986296707,-0.433536868571776,-0.0734302082302916,-0.111579573428737,0.0261015531489201,-0.062457424749239,-0.10402126865285,0.271347439068542,-0.00793802911989742,0.000692104938854912,0.141506727701798,0.0767595487338778
"144","T1a",-0.0071188464885453,0.121927355034237,0.250159392852224,0.838454200249471,0.141359189668622,0.193159724405372,0.117705862271399,-0.104154649535225,-0.0183686753155518,-0.0503912958797169,0.0146521347769695,0.0126964709979622,0.232818693559191,0.0491603421114234
"145","T4a",-0.0847440709345294,0.0258495774141831,-0.529609983296898,-0.0792803327949677,0.0420866220411959,0.033348110811591,0.0980360508462899,-0.189939083098202,0.0989148448546749,0.0552147779052149,0.0775957932418464,0.00181283197004615,0.795417295223117,0.643373999268202
"146","T5a",0.171764577364627,-0.21144349220959,0.199202534049108,0.209333334926253,0.0550594816315322,0.0720422560685621,0.0235639694768364,0.0265900174792549,-0.139982519053043,-0.0331271224710994,-0.032400214216179,0.0596104296297877,-0.140542837389123,0.0169089522064936
"147","T7b",0.0317383031746473,-0.266305512438015,0.396569599650725,0.552863483731017,0.208702405311587,0.020562630346195,0.249602249659428,-0.0179897666263854,-0.284896550941679,-0.0136852373690026,-0.0945034288193885,0.0614608646488775,0.267686392040564,0.323811517593019
"148","T5a",0.0658623848039951,0.11243768586223,0.266531227690392,-0.151344011153333,-0.0677127276106672,-0.146287920263388,-0.153603005714992,0.0277217244107598,-0.0682284442778403,-0.15823082714792,-0.0326069485109227,-0.0105620490760675,0.184445955151779,-0.0478731199003404
"149","T6b",0.161537632942063,0.408267365243529,-0.157669891959656,0.173554503346139,-0.0147666342998587,0.0163816750224082,-0.0130696619841554,0.0626640962108485,-0.0382935532334942,-0.163037937743436,-0.0642800128804482,0.00936959435265371,0.0451404819292091,-0.0378771057774025
"150","T6b",-0.0886679641365703,-0.313937243474496,-1.02052041815535,-0.971865769285674,-0.157692968338121,-0.128623076672408,-0.258603696081818,-0.247376233584544,-0.00419107923957351,-0.00179422996006955,0.12905014298192,0.0261143633975146,0.438529704556213,0.101295022748205
"151","T4b",0.269211491445155,0.192152609629642,-0.261211254440144,0.452400721782526,0.221837044109789,0.0952778042953998,0.0997758162212652,-0.142110685189806,0.035842367365092,0.367711488427807,0.025861188812748,0.0454279725924315,-0.451626809786935,-0.157376195163587
"152","T8a",0.305328346610546,0.341624313151107,0.359161211420985,0.0378333753093572,0.0104004156028892,-0.0335769333588908,-0.0236129360544377,0.282396238595718,0.118967117271389,-0.189587597885289,-0.0448224506249194,-0.0303395295989689,-0.723212813605232,-0.113517698941562
"153","T1a",-0.166522454742428,-0.130612961617068,0.0842852708716163,-0.766187564827356,-0.15117357871463,0.000881386904524606,-0.0682050573289493,-0.129246997234797,0.254862079466353,0.219676799831788,-0.108031372980905,-0.0832831863031908,0.645313483141785,0.383196863576304
"154","T8a",0.176758900715618,0.25759195676524,0.684535162333863,0.457293872599782,0.140155843263427,0.0622826360807631,0.175321633379142,0.096229153291583,-0.0583435692612346,0.212782968907685,-0.111309442789713,0.00865521721623748,-0.497687248419365,-0.319634744175968
"155","T7b",0.0861021661464391,0.786730259935023,0.630443058181442,-0.464849068607645,0.0710915207648057,0.00404569588542565,0.0742804598409164,-0.0534896756727405,0.0354360137749394,-0.0453293355115089,0.0114810438232773,-0.0280099621670096,0.128338091296761,0.184349168339374
"156","T3b",-0.0884481516448253,0.0597265190862089,0.595792838758274,-0.0466445513332778,-0.0142841976464806,0.0344159552066371,0.0935454268576853,0.339684902091702,-0.0861904760858223,-0.00308358600507224,-0.121018852869993,-0.00624648406052898,-0.266530176129156,-0.0675944799610383
"157","T8b",0.0717772087759557,-0.499612428262131,-0.613988819075178,-0.580701223712044,-0.17503126999065,-0.0131830678993125,-0.263205214464491,-0.0455058215998564,-0.0669883085633222,-0.183350610087119,0.0357460759597131,-0.00294167522818932,0.565613985871184,0.174718235024116
"158","T6a",0.0447968217970752,0.353262849015776,-0.43189081437787,-0.415877651329482,-0.12744090504947,-0.125215981261777,-0.251055388622211,-0.24413950691404,0.165340599091383,-0.202783174542039,0.0142094092225204,-0.061635208542438,0.500142175557123,0.204831343494486
"159","T6a",0.177819395136427,-0.842523993068416,-0.697422437004035,0.12930356991718,0.181574468905758,-0.0923781667812591,0.000868976616329134,-0.233067107438285,-0.138301470062086,0.00644078954361908,-0.0253478951110106,0.00430230010769473,0.69228680266185,0.378382549616752
"160","T6a",-0.0047581660100872,-0.0789237428478549,-0.360356342049401,-0.0817963328974415,-0.0830771657147518,-0.0438185035491318,0.00625135068355188,-0.286087769715261,0.298390016762765,0.0676945779254334,-0.0544383283946478,-0.0862025972674081,0.461330314787895,0.222420316184316
"161","T3b",-0.289540561638383,-0.0106954857560085,0.101799278029477,0.120247098284396,0.180129444639188,0.0571170559101949,0.0735654388800291,-0.184894469479073,-0.21969059637816,0.144603897919744,-0.0172468314373496,0.0460485592862313,0.0520403812606633,-0.0312410809268867
"162","T5a",0.315033906173664,0.645735020038336,2.13473933797106,1.21277936667701,0.149595231863405,0.155661436636693,0.109600291676919,0.367924188957459,-0.141554473605304,-0.0908456719274174,-0.24404914056185,0.00421353955439806,-0.818463683819494,-0.124143221381116
"163","T1a",0.212995121883124,0.781772003053242,2.02705999705214,1.49203632734969,0.404493680321542,0.187679979981243,0.190818810715929,0.3565161943095,-0.00715665815691859,0.0136141381062902,-0.146249250576104,0.0159312440535959,-0.78658774894641,-0.448059702547901
"164","T8b",0.0496685384027866,-0.300701579998735,-1.01119455010757,-0.56123293935852,-0.118377629779819,-0.111447398375813,-0.134600125169289,-0.245657050364358,0.210829600975118,0.112796790157753,0.104587370246914,-0.0311241781416525,0.646000721738903,0.485742135667587
"165","T5b",0.194619690857951,0.946036266399391,0.105143408023804,-0.163395668721946,0.0233176317428618,-0.0666125052370658,0.0452461384132135,0.197115393112626,0.317397927326375,0.0343944140942209,0.017593370406184,-0.0334323181579632,-0.340103990552585,0.132256378917567
"166","T6b",0.0991358516747591,-0.510698849308142,-0.295231066509069,-0.460872026563805,0.00107998118650275,-0.0529112467074169,-0.0822151322998426,-0.214865391220785,-0.0510275059894183,-0.0138810010196558,0.00351765478447582,-0.00964007501587916,0.653537454341979,0.482318030328162
"167","T4a",-0.0263580473607838,-0.127783170624468,-0.515557939377967,-0.245286365321173,-0.00758710655014714,-0.0415131328174663,-0.0463631200812211,-0.105667389112055,0.0641328085798501,-0.0808821668719778,-0.0591725661571046,-0.0118832296029245,-0.0738616368542112,0.0282419954781062
"168","T1b",0.00915879135193121,0.256878084127046,0.620654924198158,0.567305772158719,0.110750629611599,0.031996592698168,-0.0301882740450565,0.0237913675942895,-0.0966944622919633,0.234239134555135,0.00885613766760443,0.0212635526566501,-0.110417711676946,-0.0384468693477686
"169","T7a",0.349449937833061,0.0661785520311115,-0.452984018749539,-0.138025097926692,-0.0541822617772307,-0.00647538006657528,-0.145217539950634,-0.108037387601216,0.0806190326435557,-0.00460631520868388,0.0286353893951509,-0.011315017686504,0.0494001354523825,-0.144258298819316
"170","T4a",0.0973639886093082,-0.409047132556155,0.919848232051949,0.585191661988711,0.201672029153208,0.197038308755007,0.112742950411098,0.326487771510932,0.00631239034394789,-0.486796830564005,-0.198511419801932,-0.0349197550393706,-1.14302771596477,-0.473741481473932
"171","T3a",-0.0974352552190164,-0.237941675347192,0.256555206098272,-0.168826807039841,-0.0208091575482022,0.168166098384702,0.156082101939733,0.0880956930149744,-0.0717289804401079,0.234325617736393,-0.0254328394922594,0.0284530212248152,0.249481844995914,0.217611175877616
"172","T1b",-0.0669176472170096,0.221053377266525,-0.221911636760796,0.0328170725711612,-0.0193538447105529,0.0547984080906867,0.0110869407432717,-0.110896902822988,0.135449204062351,-0.0469549843654979,0.0905444869210989,-0.0142084050580105,-0.158779145152998,-0.19198175550401
"173","T1a",-0.131111043072131,0.386946553339801,0.671281810800561,-0.223507710629636,-0.0160121844803932,0.0283190443351654,-0.0121166727152937,0.00435352500222697,0.241279563394536,0.212176002033935,-0.149927766463582,-0.074447948365331,0.00487474068517563,0.264049992937004
"174","T7a",0.0279145785462132,0.30551957291673,0.199597961155787,0.147320010415581,-0.0554833999386459,-0.0175811258552403,-0.132629891575159,-0.153881404470836,0.34267062375767,-0.312038196734246,-0.0212809288037521,-0.0959132813571748,0.0676807436540307,-0.0487737835261791
"175","T4b",0.168905930514195,0.44146176092415,0.364345881354414,0.647309065461491,0.178340602507171,-0.0413981482185401,0.12851121617542,-0.0265815469430957,-0.236400510477972,-0.198215898970546,-0.00287270682301366,0.0679300981238057,-0.399184285919435,-0.126402818674217
"176","T3a",0.0850185403603032,-0.239171740626804,0.000976281980012941,0.170996311250568,0.0501064957844148,0.0133127395368914,0.0796657395262152,0.0850524827519828,-0.0878370455128595,-0.0359630929517604,-0.00811428923483649,0.00515779958913686,-0.482691878985255,-0.17766322400535
"177","T2b",0.228001225306596,0.0197620250481383,-0.450092656284142,0.334387687863457,0.16000322110434,-0.028168405359835,0.0397809211728652,0.105793557557015,-0.237572618484149,0.192359126748162,0.0321596706668515,0.0928183241623055,-0.204489263673907,0.0350962086264235
"178","T4b",-0.213983786078467,-0.313328488436391,-0.172143310137004,-0.375266590220895,-0.0719568687861143,0.102316476566632,0.00320208925729316,0.0200889918423643,-0.286375909271954,-0.161600738893998,0.190393721753025,0.0364839709228625,0.300297149930913,0.0934719395137447
"179","T4b",-0.0838242206686411,0.119505479636898,-0.58186013100394,-0.484318751121991,-0.10791446096409,-0.16319649505452,-0.120698724494742,-0.00934580443142898,-0.181273999864192,0.26574293031292,0.162698136124133,0.0540122762746419,0.374739407957406,0.239372807887826
"180","T1a",-0.393666203424893,0.197654639435432,-0.648267405210633,-0.822374265117243,-0.129472063056723,-0.337482286363316,0.0072308126896324,-0.297924477853615,0.442957722621435,-0.195704321065235,-0.0551842768051713,-0.12167829604447,-0.0800461735335827,-0.131302516301178
"181","T3b",-0.0446567320706836,0.44196086901596,-0.312816807682642,-0.245043771024956,0.104343419297472,-0.0682426220670361,0.0150620514553812,-0.0318645657749431,0.148820918217273,-0.0799799336113517,0.0497933794789058,-0.0184478500426693,0.472675916236865,0.455108860705195
"182","T2b",-0.229215955390299,-0.181841489786432,0.497587238899187,0.473006628427027,0.0461392354890337,0.088570778764439,0.138383989936252,0.267231242458902,-0.246820677349002,-0.0766035298808877,0.0673978059524268,0.0388994991905762,0.0821439153352566,-0.0426417539355789
"183","T6b",0.19831507578119,0.632189743275211,0.545844767836832,0.21896289062919,0.0601914987729647,0.0713092459168741,0.0347032594793413,-0.0176883617935166,0.219666311378448,0.240278188286031,-0.00760627836628287,0.0178373856128098,-0.512382204359192,-0.0845476276786265
"184","T3b",-0.139352368020336,0.249843768349496,-0.0123086507403078,0.211738208983874,0.0224985611915203,-0.0189391160925067,0.094630317085424,0.0762557087503187,-0.0549957594834011,0.0200173701111973,0.137168448223112,0.0348072483814474,0.0539174061868692,0.163982550548927
"185","T3b",-0.0387042111925715,0.0601198989230866,0.595263871053805,-0.0866534935505291,0.0575766822508108,0.0660269447171964,0.117948712760008,0.0510090489592873,-0.10765369977052,-0.116463582272774,-0.106012548814814,-0.00333489863080794,-0.548613847591907,-0.273692167253214
"186","T8b",0.177928082155743,-0.412176519435649,-0.630970942248144,0.102295743507284,0.0866336184141366,0.0732855720269488,0.00458103284983884,-0.0129157645235172,0.00107552572676057,0.321213891968679,-0.00784651396167782,0.0202101434389192,-0.430676779778244,-0.207062150473234
"187","T3b",-0.303306860812482,0.05926554843171,0.171092868516064,0.276406055152352,-0.0486103241517737,-0.0409230618180456,-0.0385197941450294,-0.0217999719597827,-0.0580406791392545,-0.133113507636482,0.115081329129612,0.00372578470562542,0.258648411053712,0.16806616660547
"188","T5b",0.0773414455261418,0.0373524355153796,0.62299461223153,-0.14982012869297,-0.0169879736620587,-0.139733121100925,-0.108304152697429,0.14831250371143,-0.0714073249180644,-0.278491548045612,-0.0745397619972086,-0.0524151084678664,0.232339864729053,0.256549708924514
"189","T5b",0.00799677186049266,0.623367204425219,-0.137008359820792,-0.492722168482357,-0.106538021875604,-0.152526318339959,-0.125036467123453,-0.0300639195697233,0.0342062428662381,-0.13047682773769,0.033594081240987,-0.018506909183004,0.273248806495644,0.184927966162064
"190","T4b",-0.182694670938393,-0.26298740639714,0.00743100934133918,-0.0459444648784667,-0.0854492275076329,0.0973467161378202,0.0628847397624872,-0.013289413020824,-0.0774817526367255,-0.261729286795096,0.125117585801381,0.0138664633535542,0.462455286990622,0.207203984923597
"191","T7a",0.123267843831463,0.064719226148709,1.01422975827288,0.316410162755425,-0.0279880803135257,0.0622065904424981,-0.137869409874326,-0.0465793007119682,-0.0224640177616588,-0.0659741296672812,-0.0616907262943963,-0.0364198604675087,-0.135173756155256,-0.0519605989660964
"192","T7a",0.409890800926792,0.686079333835196,0.886633437412937,0.143249411331702,0.0885080947824154,0.120444173093236,0.0833499758612614,0.111656702758002,-0.163140763986218,0.0932366050256594,-0.0918788687755144,0.0286181001446656,0.0390778602897582,-0.418948839348243
"193","T8a",0.416410309715796,0.158902997999652,0.0646405460660956,0.774976253102854,0.24158674860316,-0.0236455346501441,0.118008582496856,0.11778994004223,0.066884826860735,-0.00597249995058448,-0.0186435707347123,0.00931216122448401,-0.378408195481437,0.0365037666416346
"194","T4b",0.264864531567494,-0.507472523772946,-0.0096194024151915,0.568136240938891,0.226098637877971,0.157611572470188,0.109253785482818,0.210978625820941,-0.335460983875613,0.175115400560055,0.00306709018998985,0.0884632913283904,-0.301796825225738,-0.301708378201479
"195","T8a",0.222198629671208,0.135547651027033,0.168395465066511,0.418449821861017,0.171514025049936,0.0949112123452394,0.244955679454339,0.137680025465436,0.0050236161623145,0.16128007821777,0.0901426558948116,0.0442510341620343,0.140824037513197,0.220907534221762
"196","T4a",-0.334171320577349,-1.03835369885301,-1.44405655177418,-0.671507190549369,-0.222225903679007,-0.0936391355708221,-0.240730138200542,-0.0812575864292517,0.197183909874093,0.203010528855501,-0.0158701815416077,-0.00016752611391289,0.381812040169703,0.0924368732663874
"197","T5a",0.133482581452168,0.709201945774343,0.701432044717449,0.318079572669685,-0.0112966484660261,-0.054502910090648,0.0839522339568862,0.190775247004232,0.107568163171388,-0.286716043405651,0.000456449045583986,-0.0467181634012327,-0.235502169718436,-0.0201958573584044
"198","T8b",0.222458350922305,-0.268404830460017,0.622913968865955,0.636380551835783,0.272243930940837,0.300444100922392,0.285655528511921,0.18990270485666,-0.257602320958841,0.18123950251917,0.130658974225223,0.086500740220344,0.0463234089250819,-0.0703899159524619
"199","T5b",0.160260221994334,-0.132943229794882,0.297730477578331,0.391101265786388,0.0827368581537045,0.130991598551019,0.0119784368991087,0.109203516368149,-0.0425825594868647,-0.0365271057047108,-0.111961497364485,-0.0183424588821634,-0.241739746611939,-0.0766933969891167
"200","T6b",0.0798080387285072,0.305334402546465,0.32649957282379,-0.00625089656029782,0.0112824683397964,-0.00987823526209462,0.0802792462430002,-0.0133655271889002,0.0793458677734854,0.0120652664674482,0.0655329187492016,-0.028343169014216,-0.302897401343846,0.157140786126856
"201","T6b",-0.207158082540093,-0.384159185324432,-0.208101588457608,0.193461006037391,-0.143937749294375,-0.148764324688229,-0.214934101433556,0.072434601554204,0.0129112063418474,0.0654016415888597,0.0384286717934868,-0.0299161922460295,-0.282103341261231,-0.282444339135839
"202","T6a",-0.432730810612418,0.0888101153063549,0.611051035816448,-0.374100699411354,-0.0587691056056941,-0.0584006413409315,0.0097636701091323,0.0566193111859419,-0.148190743128334,0.162864848347967,-0.00896289445461262,0.0673875150416589,0.60328916227972,0.110970611962923
"203","T5a",0.263062008299725,0.574589160073984,0.625641492867287,0.0931948750667907,0.073219335714871,-0.0135799848472095,0.108491500110771,0.0799496181596675,-0.0265435550879511,-0.187855051407074,-0.118271761631551,-0.00741719416389869,-0.425116862121535,0.0109093655243367
"204","T2a",-0.0454725690118451,-0.78306374221575,-0.261426727103332,-0.182820458388689,-0.0137881361853162,0.0535426735355635,0.0450433203815427,-0.0937592614885901,-0.11656684196661,-0.00979040193932537,0.00821230442822215,0.000865804615501148,0.19427859660048,-0.381098494002521
"205","T6b",0.121340376759245,0.25033893054456,-0.00224874143205398,-0.329281642378797,-0.113097319286668,-0.0283678637742886,-0.120656860617653,-0.164644551282113,-0.136402377486513,-0.0731490893750626,0.0702759266169487,0.00822921327248044,0.207663459489906,-0.0699126678955882
"206","T4b",-0.193226314487887,-0.686759776237718,-1.25846118242144,-0.59110624285215,-0.12083059427024,-0.111433048834198,-0.202999610121858,-0.141771444381209,-0.0915654994734735,0.182513259584318,0.122392816487787,0.0471603089594778,0.595147909100054,0.422594474848502
"207","T6b",0.42020841451472,0.523632887237308,0.844144944518086,0.749799577694104,0.141552337958892,0.0563432295793774,0.241247113508968,0.120300040954607,-0.211875870279408,0.130016860606871,0.0065576344519453,0.0857243341791872,-0.735537412236194,-0.553240079379391
"208","T2a",-0.0817211563815743,-0.644835328346634,-0.696204186856837,-0.592366398270367,-0.00988007146601391,-0.0825866975061962,-0.215035736895542,-0.224322944744409,0.035862673726529,0.0149339386705348,-0.0904812059236835,-0.030065021095295,-0.107210823479568,-0.342291996522708
"209","T2a",-0.337429368213178,-0.499023901501572,-0.72220195590102,-0.402364315265902,-0.085176772348783,0.0762523518142124,0.0532201495082583,-0.0816979212367069,0.0617162743903991,-0.235862008174215,-0.132621223717897,-0.0458630368498209,0.238804876154776,-0.0446282659991425
"210","T4a",-0.00940268194006011,0.319275891259736,0.709796368690548,0.500816557787962,0.149715139037387,-0.0281125449099956,0.11842377467926,0.207278813817697,-0.0844813704925908,0.386191722508465,-0.0882402982849194,0.0420151181426432,0.146078331435819,0.0392076916103945
"211","T6b",0.31824285859206,0.117386250639575,-0.410538228654567,0.159688348795245,0.0883333629875648,-0.178379533654173,-0.110570864374007,-0.111791767189278,-0.0369683365579512,0.0540845189889639,0.0811565543765901,0.0491360672871911,-0.433592473199228,-0.0566282975118164
"212","T3b",-0.130741611507625,0.363974199668556,0.391290555164589,-0.189412320087745,-0.0641700320653589,0.0447886568772892,0.0300730294064008,-0.184104752413699,0.171818331926913,-0.0142465632920147,-0.0471889373498416,-0.064542171355285,0.301138942081344,-0.169995559779768
"213","T2b",-0.229386153238528,-0.219171221445291,0.113448384594366,-0.178680963577655,0.0769728692479744,0.0520737073419037,-0.0263899526344555,-0.209182214162691,-0.127325639628475,-0.199022671902879,0.116393794210963,-0.0147094038125748,-0.0445102058933973,-0.314849898275671
"214","T6b",0.169280600213559,-0.148467646120285,-0.207816823031683,0.0200331946079616,0.0490209053055719,0.0572384700028769,0.0274309653307992,-0.111421937239626,-0.0942208411275646,0.0155974331342996,0.0387916564633676,0.0319926230847424,0.356439553194096,0.0646667955232904
"215","T8a",0.193586586262382,-0.0307545507686353,-0.160019841818963,-0.0167576166683282,-0.0822697799535346,0.0646610597207134,0.0373751130326965,0.0742363523620211,0.112096001392673,0.0460305759401859,0.0522365782794991,0.0123316064440742,-0.165659149911791,0.080365028902384
"216","T7a",0.0337295381752886,-0.180721696207288,0.418120464362612,0.547357486075953,0.196253622457254,0.0163594228501096,0.109962777304828,0.119969206074215,0.143351828547509,0.0740260576778724,-0.161318237775147,-0.0321596674953027,-0.728527839994551,-0.100565249198458
"217","T7b",0.141768332951985,0.423954602763751,0.385447746798128,0.0513647243466132,-0.000674975163936907,0.0468682599624174,0.0724360280518412,-0.0985411521477603,0.0410262875329877,-0.0993253124295461,0.0322750834746788,-0.00408261192346826,-0.175085445354894,-0.172962921611047
"218","T1a",-0.316441374288758,0.277490259755339,0.0484398087995614,-0.0831260649224208,-0.196230211893445,-0.100738773106334,-0.0506873109091487,-0.161883830101638,0.262894365089959,-0.204927507557639,-0.0423040108590479,-0.105613305335284,-0.260848216272855,-0.0881271956384539
"219","T7a",0.140106740840247,0.476816455539372,0.507463376212237,0.17243556060616,-0.105470030148439,0.00740940920791743,-0.135597195874234,-0.0803167629003545,0.137498657803242,-0.133089372463578,-0.0397816197658293,-0.0395835693059714,-0.31845069304454,-0.0811802111022049
"220","T6a",0.151597468485409,-0.219646749585484,-0.331043384137746,-0.354795870865485,-0.0298329665678611,-0.0989655926096675,0.193621099356137,0.164577360134945,-0.126323662676584,-0.0201328017553393,-0.0442576559253228,0.0267900726353115,-0.157519680206031,-0.172584822137793
"221","T3a",-0.265411278776861,0.295299466139397,0.692811601150185,0.269677291816696,-0.0489719525335314,-0.0561946611098024,-0.00841678053776295,-0.000675005186876843,0.24148945780167,-0.170396246621314,-0.00150682616462232,-0.0801266291974605,0.120586348223951,0.187678273631879
"222","T4b",-0.0561890378993542,-0.582152876106223,-0.125341866771086,0.0608271085844813,-0.000378592112273139,-0.0461146933999567,0.0969641148948096,0.0480512688016591,-0.167790980457631,0.185389608496252,0.0167184717049405,0.0436076894219693,-0.212840282205093,-0.217907675434652
"223","T6a",0.221666861589132,-0.0711499366898057,-0.0450218961698324,0.558541422421308,0.0584892522671989,0.0470564906077924,0.0765941801333709,0.187968991136687,-0.39978113735486,-0.164532459863939,-0.0345742598957243,0.0653779961273815,-0.222390712484147,-0.0680202209656559
"224","T4b",-0.232197479407607,-0.375719065544586,-0.852846230146976,-0.61487432422992,-0.145599051363705,-0.0811431704134326,-0.0650494852047245,0.00175682261165979,-0.0354385893311917,-0.234136759278942,0.14418739582598,0.0286678176812249,0.103922811926178,0.21173511161059
"225","T6a",0.332420735529614,0.245623362755259,0.0141963650964453,0.606920528670727,0.0971966752939134,0.108173669178818,0.0709381869417853,0.0832921535958531,0.00306516194923243,0.0982531837488767,0.0204429229553331,0.0327113498436349,0.08413692599481,0.0503284596285874
"226","T1b",-0.0146250378009317,-0.448599519931318,0.257686465674055,-0.36757322360625,0.0641744317177186,0.212772851696407,0.0255750290739161,-0.153770412790999,-0.12687377856686,-0.0529269401615262,-0.067128502724086,0.0355179867486304,-0.416639865357768,0.0488050661876816
"227","T4b",0.00319472525379411,-0.328288079515593,-0.705083346599755,-0.316624481903257,0.0224326997044267,-0.182167859817327,0.0117645668919521,-0.0390394091989244,0.0201977108598568,0.250821041531296,-0.00207617608133914,0.0336460352871812,-0.127563089394328,0.0130307184055048
"228","T4b",-0.207789269299591,-0.519938906084999,-0.706312468151132,-0.389831646012298,-0.161474225783734,-0.0572323366570762,-0.220897299188767,-0.249702578103665,0.0575419113502641,0.190743655207302,0.142020622038119,-0.0018365694342135,0.172180680779765,0.304378141667809
"229","T1a",0.0130256332581915,0.322969756909603,0.277656270705494,0.197620970582824,0.110181952559368,0.117912286669055,0.00459973585480492,-0.162745281956362,-0.0102553245646179,-0.266475333291654,-0.0199006930567989,0.0117873501585587,0.246060012836647,0.311573704686387
"230","T3a",-0.384916489314114,-0.567149616339828,-1.2028634254177,-0.907844307635085,-0.168766412675347,-0.120730301230032,-0.157661681552834,-0.0925756078583326,0.230749179067272,-0.169267181237791,-0.0704137431015006,-0.0870504350291815,0.0273412723923173,-0.118271974083225
"231","T7a",0.526566791246863,0.27476116930019,-0.460661299336591,0.174875069594124,0.124799399295353,0.00755577905633145,0.0970355832461092,-0.0843794110166477,-0.000788762965665091,0.212163250220772,-0.0218548556121851,0.0407077177290995,-0.050216684668864,-0.151226550784167
"232","T8a",0.349057422860665,0.11001956826579,0.12111333974772,0.901476849509446,0.183939542639484,0.170591804663062,0.261744205417166,0.223289649124579,-0.112922761573563,0.100739343533927,-0.0172685874883878,0.0568241824386267,-0.351507297595872,-0.356676985027402
"233","T4a",-0.279919872274203,-0.41587645802479,-0.0530199507461353,-0.548167916660935,-0.167604359843919,-0.0558146447882942,-0.037073328233238,-0.183944514101566,0.0781937248266802,0.171337468152763,-0.0579396543053121,-0.0630810850659917,0.541151334697307,0.3427376776423
"234","T8b",0.0801551322249098,0.295172194352274,-0.24158536544207,-0.220988242377703,0.0164930157146833,-0.049051077887013,0.0539209775951387,0.111878118369583,-0.330263421772813,0.0431150962887848,0.125448104932849,0.0798908743441508,0.275579439944629,0.154860208346027
"235","T7b",-0.196708813456922,0.20280892019137,-0.70079188211033,-0.867312843401746,-0.243150077807722,-0.268945438394727,-0.221002020800332,-0.258152381408183,0.185067174728378,0.00640690992280762,0.164525544052413,-0.0354879795494339,0.383603360236986,0.592873693538789
"236","T5a",-0.0822094630908709,-0.00711731212442904,-0.114961710612485,-0.173606432697236,-0.0680480013227071,-0.0815320986869197,-0.1221989386333,0.041858654847708,0.0773954083092232,-0.0349827439609807,0.00540366344977638,-0.0135356541459781,0.262393311268445,0.0429951729718689
"237","T2a",-0.0574648084254855,0.321215534660099,0.839475387931681,0.726107268707015,0.178860305249184,0.0775004532443097,0.243888085164103,0.15916786051056,0.0969619031001655,-0.0825500642955482,-0.158464823670138,-0.0402416956867731,-0.808769285518026,-0.665576043511439
"238","T4b",0.0531210475384593,-0.0446779678702533,0.304310960990556,1.19153012519116,0.130164544411487,0.0528725410157058,0.183283162298393,-0.0493131956381434,0.00978943193142352,0.0755613439613008,0.0318504665908032,0.0273601370062958,-0.355804483732988,-0.258923268825452
"239","T1a",0.0273475442400555,0.11531256921179,-0.352228399267902,0.234671913407803,0.137625208388702,-0.0122304857909744,0.210421661821488,-0.12751216346233,-0.258071217084527,0.0391650851701279,-0.0721847301951878,0.0840323618162509,0.341541830320978,-0.0084525001185663
"240","T5b",-0.180496020674441,-0.0929525121931032,-0.506093075742629,-0.157682281298658,-0.0811639620766352,-0.159061499461243,-0.135293894652221,-0.123138549980128,-0.165698598510015,-0.356628673777531,0.0521138959415665,0.0164418092534504,0.440325552582992,0.061355512451204
"241","T4a",-0.170639652446063,-1.12035278280554,-1.65706700453926,-0.982542695116362,-0.161200505604314,-0.0380719491573001,-0.0410750578130463,-0.191363129929491,0.0815041261658326,0.171547753026913,0.0769615879373396,-0.0189048771990512,1.20647053495253,0.421722295630332
"242","T8b",0.134990546794175,0.353541900402331,0.390150367884365,-0.11589900691319,0.0418051714878783,0.0394631855510162,0.184838490052798,-0.0444684163599131,-0.0155962634322399,-0.0925027462708498,-0.0175297350731241,0.00541334947246065,-0.733459759166795,-0.288407022677124
"243","T1b",0.00204962119077232,-0.0361353655420888,-0.591145791537925,-0.286625362255235,-0.0755983265819803,-0.154769478007043,-0.0720798755274343,-0.0470341947836203,0.152232092771492,0.0325815496940561,-0.0190244380746486,-0.0049706199917775,0.199502823082682,0.124915968423638
"244","T4b",-0.0701653717322777,-0.634627245130779,-0.354847456210068,0.775688478596572,0.277506383606667,-0.0686932771925884,0.196978972101866,0.05148237605568,-0.361313644274858,0.120003399129708,0.081628752621607,0.0825483636774011,-0.02390361024436,0.0665014785282098
"245","T2b",-0.0553002726326732,-0.170556892737018,-0.347737372021737,-0.365916405070171,-0.0333424128407102,-0.108651515170201,-0.226550741457757,-0.174689736593721,0.147529032123304,0.173451953603807,0.043993612844321,-0.0573994679330512,0.397071901219213,0.297037316661278
"246","T5a",0.0830558049890869,0.423947994991254,0.24580167684238,-0.377057861254015,-0.166328290430351,-0.136411492647137,-0.22719348788715,0.0533260888714419,-0.0131970774950277,-0.0376013926837996,-0.098951242488876,-0.0253704854477973,-0.103468552256984,-0.0911749627388396
"247","T1b",-0.101360182785794,0.361906525941685,0.585704694097068,0.504113430546566,0.211174472171329,0.0477941210229096,0.197698204928953,0.188475576467757,-0.0925903821192258,0.141960407485441,-0.0467036073016248,0.0192574697745485,0.0417556750549462,0.0438434373549589
"248","T2a",0.0582263200154203,0.176990886453067,0.336801087220914,0.411459196922229,0.0928204299466784,0.018259453415569,0.170219511212892,0.194389597574595,-0.204732097198977,-0.280283844965463,-0.0815062552597254,0.0304004922098945,0.112666695813528,0.0594962156631723
"249","T4a",-0.407647022766865,-0.634188648114713,-0.493546414280319,-0.560670288498495,-0.346207716365433,-0.175128339753872,-0.162409607875313,-0.072929442003515,0.339769900648014,0.0789270270370073,0.0174507711123794,-0.106983790130984,0.28400631301206,0.241543509800754
"250","T3a",0.058065001314103,0.196547471418058,0.344770030897288,0.133879543831091,-0.0595946459387169,0.0149775639214527,0.0197783621569642,0.156968131655929,-0.0588352808706957,-0.321752021353488,-0.0141824796164012,-0.0124530124862248,-0.0731749348368862,-0.11680588552565
"251","T5b",-0.174346782650894,-0.216794615409587,0.183898116045249,0.412722501390103,-0.167811884579788,-0.00821310889623661,-0.0233305983384479,0.252626797682195,0.329479036729948,-0.198652847535779,0.0338808534999142,-0.0611945189453091,0.269418734444782,0.631223372532153
"252","T6a",-0.134231908011815,-0.249585284765064,-0.622771120190052,-0.487245273586854,0.0135631333286748,-0.0882415550220034,-0.0826923928012856,-0.161700147101322,0.029308681209324,-0.162181991605812,0.0734313200902854,-0.0138135685820551,0.406002638071274,0.214163719058935
"253","T4b",-0.216938412427185,-0.886611696443988,-1.26283286505036,-0.4549017973235,0.0638326824547756,-0.0607969406183389,-0.12628028007406,-0.0641461846376114,-0.246347321969486,0.250776088968208,0.208067890447445,0.0733309472823716,0.361285641468443,0.268046254969762
"254","T5a",0.233161948624847,0.477335861750711,1.03195811621916,0.643504800737507,0.141132526628371,0.109805297082523,0.0820323968281863,0.213362728541266,0.0752594441637702,-0.0162863954352684,-0.200820448738413,-0.0324224954152537,-0.644630661665049,-0.736222795815979
"255","T6a",0.405031841287969,-0.0187173387482914,0.813311142155932,0.895664550805873,0.0823743858818667,0.089072076546653,0.0486426462833134,0.269596806855668,-0.144827300273142,0.278880858722254,-0.130362512511285,0.0255580922454239,-0.927691940282487,-0.5854937320519
"256","T7b",-0.149728212675345,-0.343138144883438,-0.486381948841268,-0.887307566479098,-0.13529803322176,0.0357036704305939,-0.103070844919777,-0.068708427245165,0.331595175997305,-0.205248825163099,0.0128323790987948,-0.100058355809284,0.304172163903498,-0.0103987694238953
"257","T8b",-0.0738104194719368,-0.850998845358118,-0.765303841085892,0.0243861652891246,0.0470350641058032,-0.00122897554958386,0.0424142076056311,-0.148534505418582,-0.12453258758467,0.0582798393016176,0.0233545381996132,0.0509269652103507,-0.22986454864669,-0.249316404926828
"258","T4a",-0.245048517782885,-0.67023312604719,-0.477138693666153,-0.106628746784882,-0.0153447920675402,0.104844762464804,0.145895088181974,0.201220426570877,-0.0737003085105753,-0.122373348749237,0.00264279327810053,-0.00913532501349312,0.100771206205983,-0.359191599178102
"259","T4b",0.0259206785516218,-0.536576861989175,-0.262590712838575,0.463674368504885,0.16792953522772,0.141879417460411,0.144150395263275,0.171107320926352,-0.1639316081884,0.575463308714157,0.090063552391343,0.0818339272773635,0.091476120890264,-0.0139491812119622
"260","T3a",-0.0128637693619664,-0.48280353202514,0.127363907599003,1.1079423737842,0.0898747548382616,0.188654704913769,0.0439965798571335,0.185376898303552,-0.152636053033362,0.0178137896240333,-0.058468900035755,0.0209648496109968,-0.0912908743060409,-0.257640276355452
"261","T5b",0.119916430901886,0.140607067563356,-0.61506120627905,-0.359553810441277,-0.0650601249930125,-0.194806434247985,-0.298713261873287,-0.223696442469731,0.116478918350666,0.0567599280565321,0.100465061499047,0.018461867548813,0.289949508434107,0.32993320474256
"262","T1a",0.0891884880472276,0.131869684755174,0.600462692108591,0.240100401627864,0.03209218517903,-0.146220182803564,-0.0131991990595827,0.0552225976665426,-0.0250858773056582,0.156654393194387,-0.144678165016413,-0.0125691760583339,0.271794988412592,-0.0746634657360771
"263","T5a",-0.156402360906987,0.00531950649177274,-0.565759396148193,-1.04420646681922,-0.107709240028007,-0.0963672407876357,-0.190956700355339,-0.176703780123405,0.161658325748833,-0.032338024377136,0.104097133432072,-0.0252830028281977,0.326318043546271,0.239652927315044
"264","T1a",-0.176325573675805,-0.108043557989928,-0.158534830980012,-0.128121515815809,0.0354790808341501,0.0130954506089682,0.00866765890448028,-0.214422574104221,0.0591568703117432,0.117926379576784,0.011428646320139,-0.0213712480512305,0.425534716621888,0.130618657107326
"265","T2a",-0.202283002368376,-0.372665038494579,-0.132766992469976,-0.147693537933458,0.0149576165719595,-0.0797835916312584,-0.0556588773923512,-0.0904497568428937,-0.178012066279575,-0.0413198374387811,-0.00342582517984247,0.0155093832933174,0.39429291637222,0.208402982159106
"266","T2b",-0.100847847408602,-0.293634994076922,-0.385563149429235,0.024272941422319,0.0327258432964609,-0.0034305398675087,0.0616723744013249,-0.0253652289176534,0.027454695547825,-0.0196093687942775,-0.00445724219884494,-0.0132999122292085,0.182044995091573,-0.194762769625996
"267","T1b",0.0555721964500434,-0.0548308428924146,-0.0940901858842087,-0.187805590740229,-0.0422389962288152,-0.0194600220136453,-0.0295982353596406,0.266353462284263,-0.164094663352139,0.228520165104389,0.130577263762491,0.0586949095488394,-0.0253783667013238,0.192366088625405
"268","T3a",0.255469424908331,-0.0547075734531489,0.84972873267781,0.745965834439171,0.116858535367975,0.0307204427140968,0.232236716027133,0.0335196225462436,-0.344775736558634,-0.200652615117057,0.0108660434939041,0.0689407117830388,-0.349469234367945,-0.378276541378561
"269","T6b",-0.329942666747868,-0.767673471738461,-0.978259383863399,-0.348628094837948,-0.219931553536461,-0.122684451356157,-0.363201391192768,-0.110951067695009,-0.112799007753812,-0.0985419961126447,0.115856503548708,0.0228500079140827,0.492741796547058,0.262176949533473
"270","T6b",0.233710699313194,0.0796578793544574,0.234991394920721,0.358085111489047,0.00418273384890637,0.0943479951964417,0.0162768316794559,0.0752706128312626,0.0513287780086762,0.0207290124647416,0.0349395858423888,-0.0153088006273375,0.0259504821632385,0.324074061707893
"271","T3b",-0.0974619963948928,0.668400028925646,0.726302571609624,-0.272169305773782,-0.0700933102332238,0.0467705449104982,-0.0438484630516428,-0.128306223964148,-0.0427722267550002,0.0436667722774433,0.140635745799552,0.0269989036159149,0.250535374396825,0.0661272795544255
"272","T7b",-0.0951745386806311,-0.103742699977806,-0.124031209512164,0.152613040253863,0.028091315245124,0.0474962490453511,0.11021205802354,0.0544742831831515,-0.122940357026576,-0.152317468054517,0.114645736888752,0.0563823016827112,-0.120019073755857,-0.0867712229662477
"273","T4b",-0.16301565935373,-0.449629355653339,-1.17293327065145,-0.686605827714662,-0.0574001124498806,-0.0184503414372945,-0.0963023725414506,-0.282213815163895,0.031891165185728,0.310474635328205,0.131822954462054,0.0234772999571879,0.261149095628574,0.18480463406953
"274","T2a",-0.278616190357988,-0.525768697111483,-0.519027416338707,0.21804972248521,0.00114672434538324,-0.10546700957066,-0.0572474847547121,-0.0670924449641418,0.140899351983969,-0.0129950444619789,-0.0354261772692966,-0.0181717349979183,0.49388176275826,0.422987747244676
"275","T6a",-0.0709119781492061,-0.511462082391186,-0.329639833770837,-0.271344629265268,-0.154323223653787,-0.207628422035736,-0.18768193804707,-0.116427668373793,0.128759851766989,-0.292098926306229,-0.0798815488528421,-0.0627640429486139,0.159015253870546,-0.0106848856377629
"276","T5a",0.182601247803491,0.224239997795029,0.881535679035681,0.654892042594519,0.196580842871521,-0.0533783201037441,0.210129931714973,0.124640460835806,0.0949193227126086,-0.149791356125889,-0.074234966509021,-0.0527650441864664,-0.0730586715323451,-0.0439573110118441
"277","T8a",0.20954149909729,-0.171049775574134,-1.07476689393024,-0.324320323947223,0.0526480359159139,0.146440786706869,0.21813274589706,0.0167851825743463,0.0642363531248036,-0.0915577308870639,0.071130095774896,-0.00785034932434118,0.32068304136209,-0.121962422116675
"278","T7b",-0.0197185287650394,0.523327860562347,0.396458739379641,0.276102548356648,-0.144937955382628,-0.213609473561467,-0.159028075326417,0.0581505066747423,0.275708983561184,-0.146292296365133,-0.000568260177533163,-0.0672935145912834,-0.704665364893265,-0.375289676201715
"279","T6a",-0.273301548439427,-0.202280176549205,0.0176962833964325,-0.709150413344162,-0.223856997263023,0.00973238365180479,-0.22075656138493,-0.0650515897540929,-0.0136263734716576,0.00797165242636754,-0.0297411416906044,0.00681436847167317,0.395365596210868,0.157383043169749
"280","T8a",0.0378165148245335,0.00658053540097401,-0.61568333288138,-0.40191256944455,-0.144262743378319,0.0202022657873742,-0.180287666935417,-0.125325705499724,0.284511497404954,0.01674127234716,-0.0147619169477475,-0.0446118894936556,0.307627511003498,0.384864726794694
"281","T8a",0.400329377253276,0.0482725258469796,-0.0114193834560281,0.120825682545482,0.0279424741741891,0.103007744053398,0.130510187152193,0.345375384374996,-0.341147961887632,-0.0622892584609558,0.0814657810269179,0.0547296997413998,0.593531058839106,0.287506008628122
"282","T8a",0.284145859402827,0.270249748715912,1.01130656958887,0.217753423951607,0.0845591053106865,0.121373036337488,-0.00714066424458031,0.0144284756432428,0.120509214924922,-0.0826656930834157,-0.150856602208009,-0.0549224299854785,-0.387544486394315,-0.174368253041313
"283","T3b",0.108797712088057,0.183236733261053,-0.202749159886487,0.282463209337344,0.0475431956455531,0.077399813861694,0.00177477882700668,-0.0155865722813477,0.0438777609752166,0.254930756694227,0.0531317486764006,-0.0124078206586202,-0.020055457059623,-0.209973431222916
"284","T2a",-0.0877014390224197,-0.126633930394403,-0.435639660810082,-0.199740079776331,-0.191504973218106,0.00677527136875838,0.014197117076411,0.0247040464402708,0.208726461264422,0.144971077394834,-0.0692649195467695,-0.0357021255064532,-0.0411629185093606,-0.0313233070493785
"285","T6b",0.276199325667227,0.680233416345573,0.446615702234111,0.0902545698454245,0.0569881520523298,-0.105153036681897,0.0700633813185442,-0.0689389784458055,-0.0165647358587128,-0.00974931458271809,0.0703670311813567,0.0275293871000716,0.409905938512585,0.376666696862068
"286","T1a",0.0962926824060901,0.348300127356673,-0.103715796350525,0.171983022880707,0.146276709819465,0.0546675110940265,-0.036081750543072,-0.0835181450710759,-0.0777274674238922,0.0685748591193637,-0.0679229182751852,0.0155605277203745,-0.271475168451932,-0.0650975661160292
"287","T2a",-0.126135321054664,0.00940860965105383,-0.13648018568906,-0.191278608446959,-0.019095296473615,0.0112137241405031,-0.0659573965996218,-0.0146087976775071,0.0975618284803035,-0.13820506714068,-0.110456740709684,-0.0372574480495639,-0.23084452520738,-0.515391196089813
"288","T6a",0.357225019192107,0.0364155420014397,0.186221291284906,0.602223269423867,0.219666118770371,0.00750658171467447,0.212449987181184,0.0701350049027321,-0.0536533597092372,0.208589259146231,-0.00631462640435544,0.0120299237960445,0.0229550483428303,0.0648600712331876
"289","T7b",0.0975088437199132,-0.242103166313032,-0.51091094492647,-0.198062310129793,0.0924125231170987,0.116700375671074,0.0593089288753955,-0.147826289401848,0.0283593534876266,0.022761483820278,0.112486195790194,0.0289078668408404,1.08091305313608,0.479589133150056
"290","T3b",0.0162472365678702,-0.215044663895971,-0.580870328990478,0.180418433184904,0.130935353347068,0.101785926069369,0.14888715684594,0.0648655322243998,0.0417538601446204,0.211359260964113,0.232089885373949,0.0533410219935896,0.123226427740296,0.359539213590349
"291","T6b",0.293088768767576,0.145110390818235,0.286233786892713,0.0292639400655501,0.0812694096623428,-0.0350658900249356,0.0522022672833963,-0.066331705734136,-0.138693732561581,-0.0251108457445052,0.0250441464498555,0.0243176128790495,-0.115146815644635,-0.220258212501809
"292","T6a",0.253357829632845,0.101358090050636,0.661765920450995,0.277328519504466,-0.0427018280825449,0.154270706392793,0.0640730612898872,-0.0211024986448535,0.00708563910976918,-0.237875993291158,-0.0461469681678736,-0.0160701327347038,-0.107887954383237,0.0191007514722853
"293","T4a",-0.161908005414478,-0.341065914354157,-0.253045987954347,-1.04344052580652,-0.216550392012027,-0.071348032982905,-0.207982887941474,-0.101524134033325,-0.0621669976067821,-0.312721917297248,-0.0322634910364986,-0.0465292335320288,0.0201336558132938,-0.0125619652905256
"294","T4b",0.143675193535247,-0.1815005089584,1.0680027425462,0.258527695630748,0.242947007186428,0.183272515586317,0.238056578935021,0.239239632058344,-0.344279148373448,0.135917002920087,-0.0554823211097006,0.0879682646127647,-0.237595082564544,0.14555441776502
"295","T2b",-0.244425016407191,-0.323850520965659,-0.00466694514867596,0.205000767722778,0.0856689298556922,0.0477384175010563,0.0881368765621169,-0.0938986383359871,-0.109937402792646,0.0140999955697743,-0.0267064241951693,0.0155408352770432,0.168297772991529,-0.329211076277601
"296","T5a",0.0265006553091402,0.255730075827084,0.538408412027125,0.569768230595725,0.0831153796712355,0.140370010399173,0.254126871370423,0.13857234404558,0.115003612218198,0.0902911160564363,-0.153743752288783,-0.0400990393883369,-0.375788486377789,-0.241273553280543
"297","T8b",0.347356793110732,0.228633002511048,0.311974243181418,0.81906296658346,0.123558908246503,0.0987370268537105,0.222805856084449,0.0577671162994299,-0.383340484511487,-0.040209822027161,0.160242304108565,0.109192271193672,-0.0169407503975592,-0.0763674596708471
"298","T3b",-0.129607558095261,0.655953229073448,0.3326944517907,-0.285082979635752,-0.139300472990376,-0.0221463248011648,-0.101037375544378,0.095556285601597,-0.00263520886856564,0.0556122813488661,0.0577601847415303,0.0499506668847141,0.213891467726156,0.281772381301928
"299","T6b",0.0429935013316425,0.505853976207077,0.449598876601793,-0.266911230027903,-0.0227228793454896,-0.115164619301543,-0.0458328410455992,-0.0246721182021513,0.12810878550345,-0.0864486220458747,-0.0207661977934151,-0.0262485807474197,-0.184278301137426,0.0757721906962322
"300","T1a",-0.226045444429897,0.248332833331953,0.339594823043948,-0.10759219095524,-0.0676655743505507,0.0866076393021143,-0.12439973783665,-0.00302427590691551,0.0615698850522647,-0.105561100797182,-0.0193275085005699,-0.00471996587386698,-0.0852399263075663,-0.0909883012117523
